<?xml version="1.0" encoding="utf-8" ?>

<personData
	xmlns:a="http://xyz.com/mynamespace"
	xmlns:b="http://xyz.com/mynamespace"
	>
	<user id='1' >
		<a:fname>Hardi</a:fname>
		<a:lname>Desai</a:lname>
		<a:email>xyz@exmple.com</a:email>
	</user>
	
	<user id='2'>
		<a:fname>Sunil</a:fname>
		<a:lname>Patel</a:lname>
		<a:email>pqr@exmple.com</a:email>
	</user>
	
	<user id='3'>
		<b:fname>Padma</b:fname>
		<b:lname>singh</b:lname>
		<b:email>mno@exmple.com</b:email>
	</user>
	
</personData>	
	